chip_id,true_label,tprop_0h,tprop_24h,tprop_96h,tprop_168h,iddq_0h,iddq_24h,iddq_96h,iddq_168h
IC_0000,STATIC_OUTLIER,12.37,12.506,12.653,12.766,42.325,42.636,43.548,44.107
IC_0001,STATIC_OUTLIER,12.764,12.914,13.02,13.169,44.423,44.922,45.631,46.085
IC_0002,STATIC_OUTLIER,11.441,11.636,11.697,11.802,41.62,42.178,42.674,43.333
IC_0003,STATIC_OUTLIER,12.225,12.307,12.475,12.539,42.907,43.377,44.068,44.683
IC_0004,STATIC_OUTLIER,11.74,11.907,11.977,12.109,42.566,43.128,43.792,44.217
IC_0005,LATENT_DRIFT_DEFECT,11.805,12.728,13.83,16.019,10.718,14.55,28.81,48.196
IC_0006,LATENT_DRIFT_DEFECT,11.763,12.568,13.982,16.352,9.908,14.244,28.782,44.886
IC_0007,LATENT_DRIFT_DEFECT,11.654,12.582,13.865,16.138,10.14,14.381,26.814,44.548
IC_0008,LATENT_DRIFT_DEFECT,12.019,12.856,13.865,16.5,9.868,14.343,27.401,45.238
IC_0009,LATENT_DRIFT_DEFECT,11.668,12.382,13.762,16.224,10.615,14.565,27.274,45.352
IC_0010,NOMINAL,12.108,12.079,12.23,12.338,9.444,9.982,10.294,10.799
IC_0011,NOMINAL,11.98,12.042,11.986,12.139,9.441,9.73,10.405,10.786
IC_0012,NOMINAL,11.904,11.914,12.02,12.098,10.29,10.407,10.789,11.032
IC_0013,NOMINAL,11.637,11.624,11.75,11.753,7.704,8.334,8.437,8.978
IC_0014,NOMINAL,11.769,11.774,11.838,11.916,7.93,8.17,8.394,8.872
IC_0015,NOMINAL,12.302,12.386,12.496,12.45,9.325,9.705,10.277,10.338
IC_0016,NOMINAL,12.2,12.208,12.27,12.298,8.785,9.346,9.852,9.937
IC_0017,NOMINAL,11.609,11.656,11.701,11.79,10.377,10.865,11.614,11.758
IC_0018,NOMINAL,12.04,12.038,12.212,12.228,8.91,9.326,9.78,9.729
IC_0019,NOMINAL,12.301,12.361,12.368,12.428,8.305,9.007,9.222,9.24
IC_0020,NOMINAL,11.332,11.388,11.406,11.425,11.759,12.021,12.289,12.932
IC_0021,NOMINAL,12.217,12.323,12.316,12.38,9.729,10.26,10.52,10.882
IC_0022,NOMINAL,11.735,11.751,11.846,11.855,10.081,10.378,10.607,10.985
IC_0023,NOMINAL,12.228,12.278,12.313,12.372,8.29,8.616,8.834,9.153
IC_0024,NOMINAL,11.695,11.724,11.727,11.867,9.347,9.891,10.024,10.3
IC_0025,NOMINAL,11.278,11.354,11.337,11.404,10.133,10.51,10.734,10.79
IC_0026,NOMINAL,11.349,11.353,11.435,11.599,8.619,9.113,9.244,9.951
IC_0027,NOMINAL,12.019,12.074,12.099,12.161,10.451,10.922,11.255,11.509
IC_0028,NOMINAL,12.104,12.13,12.236,12.273,9.279,9.654,10.077,10.466
IC_0029,NOMINAL,11.638,11.662,11.743,11.714,9.65,9.853,10.42,10.579
IC_0030,NOMINAL,12.255,12.283,12.266,12.375,9.278,9.426,10.268,9.914
IC_0031,NOMINAL,11.335,11.378,11.485,11.493,12.223,12.328,12.978,13.438
IC_0032,NOMINAL,11.974,11.999,12.085,12.174,9.984,10.672,10.451,11.149
IC_0033,NOMINAL,11.516,11.553,11.666,11.685,8.731,8.92,9.478,9.729
IC_0034,NOMINAL,11.739,11.831,11.854,11.847,10.987,11.317,11.963,12.189
IC_0035,NOMINAL,12.019,12.09,12.167,12.192,8.535,8.883,9.697,9.591
IC_0036,NOMINAL,11.656,11.716,11.758,11.816,10.251,10.609,10.762,11.222
IC_0037,NOMINAL,11.846,11.863,12.016,12.092,7.648,8.204,8.688,8.726
IC_0038,NOMINAL,12.403,12.401,12.538,12.621,8.406,8.965,9.294,9.624
IC_0039,NOMINAL,11.769,11.838,11.867,11.961,10.236,10.527,11.064,11.286
IC_0040,NOMINAL,12.334,12.394,12.507,12.468,10.886,11.169,11.968,11.794
IC_0041,NOMINAL,11.548,11.638,11.686,11.727,10.206,10.631,10.835,11.239
IC_0042,NOMINAL,12.212,12.211,12.312,12.384,9.861,10.111,10.54,10.658
IC_0043,NOMINAL,12.577,12.59,12.601,12.643,9.639,10.161,10.335,10.561
IC_0044,NOMINAL,11.011,10.971,11.045,11.132,8.226,8.616,9.094,9.06
IC_0045,NOMINAL,11.681,11.693,11.786,11.799,9.136,9.595,9.929,9.887
IC_0046,NOMINAL,12.231,12.304,12.347,12.422,9.447,9.96,10.414,10.883
IC_0047,NOMINAL,11.919,11.931,11.999,12.135,11.269,11.835,12.081,12.586
IC_0048,NOMINAL,12.148,12.206,12.259,12.292,10.412,10.833,11.329,11.336
IC_0049,NOMINAL,11.758,11.778,11.914,11.809,7.884,8.033,8.598,8.963
IC_0050,NOMINAL,12.035,12.074,12.151,12.159,10.389,10.779,11.219,11.253
IC_0051,NOMINAL,11.938,11.919,11.982,12.117,9.538,9.775,10.228,10.528
IC_0052,NOMINAL,12.467,12.505,12.578,12.673,9.188,9.54,10.207,10.459
IC_0053,NOMINAL,12.102,12.005,12.145,12.239,10.734,11.104,11.359,11.501
IC_0054,NOMINAL,12.135,12.161,12.23,12.3,11.237,11.836,12.326,12.292
IC_0055,NOMINAL,11.835,11.799,11.917,11.941,11.118,11.488,11.929,12.058
IC_0056,NOMINAL,11.805,11.881,11.878,11.973,8.993,9.384,9.496,9.836
IC_0057,NOMINAL,11.827,11.889,11.881,11.96,9.629,10.275,10.688,10.613
IC_0058,NOMINAL,12.158,12.205,12.247,12.395,10.398,10.786,11.048,11.39
IC_0059,NOMINAL,11.832,11.926,11.92,12.031,11.171,11.975,11.995,12.239
IC_0060,NOMINAL,12.116,12.111,12.111,12.271,9.425,9.928,10.268,10.715
IC_0061,NOMINAL,12.83,12.927,13.004,12.952,9.777,9.856,10.747,10.974
IC_0062,NOMINAL,12.348,12.411,12.478,12.481,8.672,9.105,9.065,9.494
IC_0063,NOMINAL,11.87,11.89,11.953,12.017,8.565,8.991,9.859,9.65
IC_0064,NOMINAL,12.48,12.559,12.594,12.704,10.975,11.588,12.069,12.243
IC_0065,NOMINAL,11.837,11.817,11.873,11.976,11.627,12.038,12.35,12.577
IC_0066,NOMINAL,11.185,11.182,11.353,11.315,9.914,10.267,10.74,10.988
IC_0067,NOMINAL,11.597,11.602,11.773,11.832,11.204,11.396,12.084,12.383
IC_0068,NOMINAL,11.252,11.262,11.363,11.421,10.434,10.794,11.385,11.619
IC_0069,NOMINAL,11.859,11.841,11.98,12.017,9.226,9.395,9.984,9.883
IC_0070,NOMINAL,12.007,12.087,12.118,12.149,10.434,10.735,11.384,11.669
IC_0071,NOMINAL,12.671,12.694,12.729,12.864,11.846,12.353,12.794,13.17
IC_0072,NOMINAL,12.131,12.169,12.196,12.273,9.957,10.512,10.606,10.707
IC_0073,NOMINAL,11.912,11.915,12.001,11.97,11.878,12.25,12.554,12.774
IC_0074,NOMINAL,12.332,12.293,12.428,12.595,6.856,7.106,7.784,8.178
IC_0075,NOMINAL,11.116,11.151,11.188,11.297,10.986,11.357,11.835,11.82
IC_0076,NOMINAL,12.094,12.051,12.2,12.253,10.104,10.695,11.109,11.433
IC_0077,NOMINAL,12.308,12.334,12.4,12.415,9.641,9.903,9.988,11.001
IC_0078,NOMINAL,11.409,11.379,11.495,11.557,10.11,10.405,10.911,10.887
IC_0079,NOMINAL,12.458,12.57,12.526,12.637,7.615,8.03,8.566,8.582
IC_0080,NOMINAL,12.135,12.2,12.199,12.297,9.736,9.965,10.505,10.766
IC_0081,NOMINAL,11.834,11.867,11.878,11.994,10.429,10.883,11.167,11.552
IC_0082,NOMINAL,12.253,12.33,12.381,12.415,11.773,12.088,12.684,12.684
IC_0083,NOMINAL,12.908,12.904,12.923,13.124,9.378,9.81,10.344,10.646
IC_0084,NOMINAL,12.073,12.119,12.2,12.224,9.03,9.198,9.587,9.687
IC_0085,NOMINAL,12.099,12.134,12.245,12.201,9.398,9.67,10.212,10.461
IC_0086,NOMINAL,11.816,11.861,11.919,12.054,11.098,11.636,11.909,12.226
IC_0087,NOMINAL,11.66,11.736,11.641,11.861,10.395,10.655,10.894,11.552
IC_0088,NOMINAL,12.332,12.392,12.419,12.62,9.364,10.003,10.116,10.742
IC_0089,NOMINAL,11.658,11.695,11.743,11.752,10.616,10.883,11.475,11.431
IC_0090,NOMINAL,12.029,11.994,12.095,12.208,10.116,10.548,11.147,11.165
IC_0091,NOMINAL,11.809,11.794,11.868,11.852,11.162,11.599,11.901,12.134
IC_0092,NOMINAL,12.192,12.221,12.368,12.397,9.158,9.374,10.223,10.318
IC_0093,NOMINAL,12.133,12.165,12.253,12.26,9.607,9.69,10.459,10.588
IC_0094,NOMINAL,12.415,12.395,12.462,12.625,9.529,9.614,10.131,10.423
IC_0095,NOMINAL,11.796,11.915,11.809,11.888,8.244,8.721,8.95,8.773
IC_0096,NOMINAL,11.892,11.977,11.96,11.954,10.355,10.575,11.15,11.214
IC_0097,NOMINAL,11.608,11.661,11.696,11.742,10.313,11.055,11.224,11.227
IC_0098,NOMINAL,11.822,11.851,11.93,11.884,10.006,10.251,10.918,10.867
IC_0099,NOMINAL,12.151,12.175,12.238,12.354,9.718,10.153,10.731,11.091
IC_0100,NOMINAL,12.303,12.292,12.415,12.367,8.302,8.877,9.121,9.09
IC_0101,NOMINAL,11.631,11.659,11.793,11.767,9.495,10.111,10.358,10.513
IC_0102,NOMINAL,12.348,12.388,12.48,12.424,9.589,10.271,10.417,10.608
IC_0103,NOMINAL,12.542,12.524,12.644,12.695,9.037,9.606,9.769,10.096
IC_0104,NOMINAL,12.165,12.203,12.239,12.36,9.806,10.262,10.456,10.784
IC_0105,NOMINAL,12.751,12.769,12.817,12.894,10.485,10.876,11.047,11.395
IC_0106,NOMINAL,11.69,11.637,11.813,11.776,12.263,12.662,12.79,13.15
IC_0107,NOMINAL,11.502,11.499,11.582,11.668,10.209,10.519,11.062,11.469
IC_0108,NOMINAL,11.289,11.302,11.392,11.451,10.309,10.567,11.039,11.341
IC_0109,NOMINAL,12.598,12.702,12.694,12.767,9.911,10.261,10.647,10.816
IC_0110,NOMINAL,12.262,12.317,12.351,12.381,7.697,8.081,8.325,8.697
IC_0111,NOMINAL,11.978,11.957,12.031,12.173,9.968,10.303,10.899,10.99
IC_0112,NOMINAL,12.112,12.161,12.223,12.161,10.072,10.545,10.894,11.561
IC_0113,NOMINAL,11.55,11.521,11.658,11.701,12.956,13.512,13.754,14.316
IC_0114,NOMINAL,12.978,13.046,13.081,13.09,9.769,10.091,10.556,10.443
IC_0115,NOMINAL,12.052,12.056,12.109,12.202,10.362,10.877,11.157,10.998
IC_0116,NOMINAL,12.044,12.065,12.178,12.18,9.958,10.106,10.427,10.936
IC_0117,NOMINAL,12.29,12.366,12.331,12.356,8.598,8.853,9.118,9.49
IC_0118,NOMINAL,12.192,12.17,12.357,12.306,11.371,11.624,12.058,12.476
IC_0119,NOMINAL,12.09,12.068,12.133,12.278,10.902,11.046,11.706,12.068
IC_0120,NOMINAL,11.684,11.683,11.777,11.801,10.949,11.219,11.703,11.732
IC_0121,NOMINAL,12.189,12.254,12.287,12.291,8.909,9.186,9.538,9.797
IC_0122,NOMINAL,12.753,12.72,12.814,12.882,11.683,12.258,12.418,12.683
IC_0123,NOMINAL,12.538,12.459,12.668,12.746,8.318,8.836,8.961,9.188
IC_0124,NOMINAL,12.637,12.645,12.776,12.755,10.704,10.876,11.526,11.596
IC_0125,NOMINAL,11.796,11.846,11.802,11.944,12.629,13.263,13.236,13.512
IC_0126,NOMINAL,11.604,11.675,11.7,11.811,8.811,9.277,9.45,9.641
IC_0127,NOMINAL,11.95,11.955,11.93,12.02,9.32,9.707,10.029,10.619
IC_0128,NOMINAL,12.022,12.04,12.099,12.132,10.12,10.517,11.286,11.401
IC_0129,NOMINAL,12.438,12.518,12.617,12.652,9.396,9.68,10.154,10.566
IC_0130,NOMINAL,11.323,11.27,11.374,11.414,8.139,8.36,8.303,9.064
IC_0131,NOMINAL,12.612,12.63,12.679,12.781,10.082,10.672,11.06,11.365
IC_0132,NOMINAL,11.937,11.975,12.03,12.066,8.725,9.385,9.835,9.859
IC_0133,NOMINAL,11.829,11.88,12.022,11.995,10.568,11.213,11.675,11.833
IC_0134,NOMINAL,11.595,11.603,11.615,11.807,8.897,9.171,9.703,10.193
IC_0135,NOMINAL,11.338,11.368,11.392,11.522,11.86,12.049,12.583,12.706
IC_0136,NOMINAL,12.329,12.258,12.484,12.514,9.06,9.434,9.968,10.134
IC_0137,NOMINAL,12.029,12.033,12.206,12.135,9.614,9.729,10.317,10.558
IC_0138,NOMINAL,11.484,11.526,11.56,11.565,10.976,11.323,11.712,11.906
IC_0139,NOMINAL,11.482,11.465,11.508,11.488,8.523,8.782,9.225,9.183
IC_0140,NOMINAL,11.866,11.894,12.036,11.972,10.273,10.528,11.155,11.133
IC_0141,NOMINAL,12.668,12.716,12.835,12.871,11.569,11.716,12.846,12.624
IC_0142,NOMINAL,11.896,11.907,12.006,12.048,8.071,8.456,8.816,9.092
IC_0143,NOMINAL,11.399,11.436,11.468,11.553,10.222,10.524,10.997,11.445
IC_0144,NOMINAL,11.902,11.898,12.014,12.084,10.312,10.565,11.264,11.344
IC_0145,NOMINAL,11.891,11.906,11.962,11.987,10.938,10.798,11.321,11.773
IC_0146,NOMINAL,10.921,10.976,11.037,11.092,8.516,8.894,9.263,9.495
IC_0147,NOMINAL,11.978,12.012,12.129,12.156,8.415,9.027,9.125,9.21
IC_0148,NOMINAL,11.908,11.917,12.053,12.019,10.626,11.288,11.468,11.767
IC_0149,NOMINAL,12.278,12.312,12.317,12.42,10.356,10.592,11.057,11.174
IC_0150,NOMINAL,12.74,12.799,12.898,12.941,10.301,10.595,11.036,11.759
IC_0151,NOMINAL,12.451,12.401,12.572,12.608,10.416,10.894,11.494,11.641
IC_0152,NOMINAL,11.892,11.973,12.034,12.102,9.184,9.459,10.131,10.185
IC_0153,NOMINAL,11.557,11.575,11.719,11.834,10.279,10.708,11.133,11.284
IC_0154,NOMINAL,13.029,13.075,13.08,13.176,10.352,10.821,11.093,11.512
IC_0155,NOMINAL,12.024,12.101,12.122,12.199,9.143,9.7,9.999,10.517
IC_0156,NOMINAL,12.006,11.984,12.095,12.152,12.239,12.637,13.283,13.175
IC_0157,NOMINAL,11.99,11.991,12.026,12.154,10.569,10.904,11.254,11.327
IC_0158,NOMINAL,12.079,12.09,12.168,12.217,8.57,8.719,9.098,9.649
IC_0159,NOMINAL,11.942,11.945,12.156,12.13,10.788,11.087,11.685,12.048
IC_0160,NOMINAL,11.771,11.871,11.8,11.894,8.83,9.181,9.486,9.793
IC_0161,NOMINAL,11.781,11.778,11.882,11.953,10.945,11.382,11.675,12.112
IC_0162,NOMINAL,11.987,11.989,12.095,12.178,11.39,11.837,12.01,11.876
IC_0163,NOMINAL,11.783,11.821,11.889,11.963,9.015,9.275,9.993,10.095
IC_0164,NOMINAL,11.715,11.694,11.801,11.897,11.156,11.718,11.949,12.166
IC_0165,NOMINAL,12.043,12.057,12.092,12.195,10.495,10.833,11.369,11.71
IC_0166,NOMINAL,11.898,11.934,11.986,12.053,10.986,11.276,11.767,11.666
IC_0167,NOMINAL,12.602,12.619,12.673,12.775,12.276,12.544,13.102,13.368
IC_0168,NOMINAL,10.94,10.971,10.968,11.086,9.706,9.775,10.731,10.799
IC_0169,NOMINAL,12.437,12.438,12.56,12.57,9.096,9.512,9.712,9.94
IC_0170,NOMINAL,12.498,12.472,12.652,12.642,8.933,9.473,9.931,10.02
IC_0171,NOMINAL,11.171,11.211,11.264,11.29,9.021,9.319,9.692,9.926
IC_0172,NOMINAL,11.863,11.966,11.983,12.047,9.907,10.331,10.463,10.933
IC_0173,NOMINAL,11.851,11.884,12.001,12.034,10.409,10.886,11.28,11.642
IC_0174,NOMINAL,11.437,11.475,11.544,11.545,10.332,10.463,11.36,11.499
IC_0175,NOMINAL,11.689,11.748,11.83,11.898,10.993,11.306,12.006,12.073
IC_0176,NOMINAL,11.556,11.538,11.655,11.755,10.016,10.549,11.085,11.199
IC_0177,NOMINAL,12.701,12.796,12.844,12.818,11.744,11.896,12.687,12.492
IC_0178,NOMINAL,12.374,12.409,12.475,12.452,9.682,10.054,10.426,10.568
IC_0179,NOMINAL,12.509,12.604,12.618,12.665,13.264,13.442,14.144,14.34
IC_0180,NOMINAL,12.289,12.292,12.346,12.443,10.751,11.224,11.557,12.29
IC_0181,NOMINAL,11.548,11.653,11.666,11.722,8.971,9.362,9.807,9.93
IC_0182,NOMINAL,11.79,11.853,11.864,11.947,8.715,8.874,9.703,10.076
IC_0183,NOMINAL,12.196,12.245,12.262,12.262,10.579,11.098,11.528,11.708
IC_0184,NOMINAL,11.511,11.553,11.587,11.668,9.732,10.027,10.614,10.925
IC_0185,NOMINAL,12.285,12.299,12.321,12.399,10.857,11.03,11.447,11.959
IC_0186,NOMINAL,11.904,11.981,12.086,12.083,10.568,10.96,11.375,11.652
IC_0187,NOMINAL,11.85,11.878,11.977,11.94,9.913,10.362,10.62,10.758
IC_0188,NOMINAL,12.284,12.232,12.449,12.491,8.984,9.159,9.497,9.906
IC_0189,NOMINAL,12.178,12.16,12.218,12.244,8.182,8.525,8.582,9.314
IC_0190,NOMINAL,11.856,11.875,11.949,12.052,9.464,9.867,10.136,10.59
IC_0191,NOMINAL,12.464,12.507,12.515,12.619,11.028,11.517,11.704,12.03
IC_0192,NOMINAL,11.568,11.592,11.63,11.746,10.257,10.621,10.933,11.017
IC_0193,NOMINAL,12.246,12.323,12.302,12.397,8.505,8.797,9.256,9.46
IC_0194,NOMINAL,12.237,12.184,12.371,12.416,10.208,10.397,10.839,10.979
IC_0195,NOMINAL,11.876,11.909,11.95,12.003,10.462,10.81,11.427,11.404
IC_0196,NOMINAL,12.13,12.083,12.257,12.219,8.939,9.09,9.684,10.011
IC_0197,NOMINAL,11.5,11.553,11.601,11.679,10.184,10.034,10.871,10.933
IC_0198,NOMINAL,12.37,12.396,12.561,12.523,10.07,10.506,10.991,11.118
IC_0199,NOMINAL,11.926,11.973,11.969,12.097,8.628,9.145,9.308,9.721
IC_0200,NOMINAL,11.791,11.786,11.941,12.0,10.429,10.449,11.418,11.618
IC_0201,NOMINAL,12.42,12.499,12.559,12.527,10.673,10.871,11.44,11.328
IC_0202,NOMINAL,11.718,11.787,11.769,11.885,11.3,11.728,12.149,12.163
IC_0203,NOMINAL,11.437,11.493,11.587,11.589,11.265,11.985,12.023,12.467
IC_0204,NOMINAL,11.377,11.401,11.487,11.525,8.347,8.708,8.911,9.544
IC_0205,NOMINAL,12.242,12.294,12.327,12.395,8.875,9.117,9.781,9.8
IC_0206,NOMINAL,11.488,11.482,11.53,11.547,10.618,10.871,11.299,11.132
IC_0207,NOMINAL,12.702,12.763,12.761,12.811,10.617,11.153,11.216,11.647
IC_0208,NOMINAL,11.167,11.26,11.339,11.364,10.618,10.857,11.237,11.477
IC_0209,NOMINAL,12.679,12.749,12.769,12.858,14.623,14.842,15.548,15.408
IC_0210,NOMINAL,12.084,12.085,12.214,12.239,10.685,10.98,11.326,11.636
IC_0211,NOMINAL,11.961,12.005,12.026,12.125,11.363,11.58,12.412,12.358
IC_0212,NOMINAL,11.782,11.76,11.85,11.929,11.145,11.535,11.839,12.111
IC_0213,NOMINAL,12.16,12.214,12.309,12.383,10.782,11.422,11.762,11.578
IC_0214,NOMINAL,11.985,12.035,12.039,12.149,9.622,10.074,10.473,10.905
IC_0215,NOMINAL,12.441,12.398,12.529,12.617,10.911,11.262,11.869,12.208
IC_0216,NOMINAL,12.046,12.033,12.161,12.273,9.073,9.455,9.942,10.383
IC_0217,NOMINAL,12.06,12.071,12.139,12.148,9.716,9.76,10.313,10.338
IC_0218,NOMINAL,11.855,11.867,11.929,12.048,9.418,9.857,10.108,10.259
IC_0219,NOMINAL,11.977,11.951,12.067,12.034,10.098,10.364,10.566,10.885
IC_0220,NOMINAL,12.123,12.169,12.252,12.349,12.778,13.129,13.732,13.942
IC_0221,NOMINAL,11.316,11.359,11.457,11.479,7.759,8.656,8.613,9.046
IC_0222,NOMINAL,11.461,11.478,11.505,11.585,10.824,11.183,11.49,11.607
IC_0223,NOMINAL,12.297,12.301,12.399,12.402,8.065,8.374,8.857,9.277
IC_0224,NOMINAL,12.068,12.133,12.193,12.172,9.434,9.655,9.686,10.314
IC_0225,NOMINAL,11.926,12.026,12.075,12.065,11.307,11.902,12.222,12.728
IC_0226,NOMINAL,12.007,12.015,12.041,12.124,10.077,10.426,11.178,11.125
IC_0227,NOMINAL,12.139,12.138,12.231,12.258,8.707,8.783,9.475,9.655
IC_0228,NOMINAL,11.784,11.832,11.799,11.973,9.142,9.632,9.925,10.156
IC_0229,NOMINAL,11.689,11.7,11.775,11.832,10.816,11.032,11.482,11.926
IC_0230,NOMINAL,12.078,12.098,12.24,12.227,9.124,9.725,9.842,10.097
IC_0231,NOMINAL,11.609,11.664,11.658,11.703,10.26,10.746,11.065,11.053
IC_0232,NOMINAL,12.163,12.119,12.238,12.3,10.055,10.39,10.775,11.409
IC_0233,NOMINAL,11.319,11.401,11.446,11.545,9.218,9.771,10.19,10.349
IC_0234,NOMINAL,12.412,12.441,12.437,12.521,12.573,12.908,13.405,13.43
IC_0235,NOMINAL,12.189,12.202,12.263,12.414,10.761,11.261,11.698,11.747
IC_0236,NOMINAL,12.102,12.13,12.23,12.258,7.57,8.031,8.503,8.72
IC_0237,NOMINAL,12.393,12.417,12.453,12.529,10.224,10.416,10.938,11.2
IC_0238,NOMINAL,12.666,12.624,12.748,12.854,9.206,9.45,10.067,10.205
IC_0239,NOMINAL,12.406,12.489,12.514,12.582,11.023,11.473,11.77,11.908
IC_0240,NOMINAL,11.264,11.29,11.362,11.389,9.049,9.303,9.675,10.169
IC_0241,NOMINAL,11.488,11.537,11.601,11.636,9.862,10.185,10.631,11.113
IC_0242,NOMINAL,11.75,11.813,11.818,11.878,10.606,10.767,11.3,11.5
IC_0243,NOMINAL,12.01,11.998,12.121,12.177,11.039,11.461,12.071,12.2
IC_0244,NOMINAL,12.207,12.257,12.306,12.408,8.56,9.257,9.238,9.507
IC_0245,NOMINAL,11.71,11.722,11.806,11.835,9.599,9.731,10.031,10.49
IC_0246,NOMINAL,12.075,12.138,12.153,12.255,9.43,9.799,10.269,10.74
IC_0247,NOMINAL,11.698,11.638,11.775,11.898,9.216,9.744,9.929,10.083
IC_0248,NOMINAL,11.755,11.786,11.83,11.953,12.119,12.534,13.098,13.207
IC_0249,NOMINAL,11.437,11.441,11.53,11.6,10.486,10.906,11.308,11.389
IC_0250,NOMINAL,11.631,11.68,11.706,11.742,8.487,8.731,9.352,9.469
IC_0251,NOMINAL,11.459,11.507,11.512,11.509,11.101,11.528,12.134,12.015
IC_0252,NOMINAL,11.61,11.604,11.696,11.746,12.547,12.801,12.937,13.295
IC_0253,NOMINAL,12.421,12.423,12.531,12.578,11.239,11.763,11.953,12.096
IC_0254,NOMINAL,11.62,11.65,11.766,11.781,8.177,8.781,9.111,9.39
IC_0255,NOMINAL,13.053,13.047,13.135,13.221,9.419,10.178,9.999,10.608
IC_0256,NOMINAL,12.197,12.263,12.322,12.368,11.52,12.012,12.397,12.535
IC_0257,NOMINAL,12.074,12.092,12.207,12.296,9.151,9.615,10.326,10.559
IC_0258,NOMINAL,11.657,11.565,11.758,11.793,10.533,10.874,11.231,11.496
IC_0259,NOMINAL,12.28,12.29,12.33,12.382,10.93,11.186,11.654,11.963
IC_0260,NOMINAL,11.77,11.758,11.875,11.968,8.888,9.311,9.529,9.847
IC_0261,NOMINAL,12.049,12.011,12.155,12.185,9.929,10.225,10.596,11.025
IC_0262,NOMINAL,13.024,13.007,13.134,13.219,6.11,6.544,6.965,7.107
IC_0263,NOMINAL,11.962,11.999,11.99,12.121,8.771,9.386,9.655,10.092
IC_0264,NOMINAL,12.46,12.539,12.555,12.575,9.697,9.878,10.629,10.665
IC_0265,NOMINAL,11.719,11.756,11.891,11.856,8.503,8.987,9.285,9.476
IC_0266,NOMINAL,11.986,11.994,12.078,12.157,11.959,12.556,12.682,12.917
IC_0267,NOMINAL,12.708,12.752,12.765,12.864,8.284,8.585,9.033,9.057
IC_0268,NOMINAL,11.749,11.763,11.873,11.911,9.472,9.559,10.451,10.714
IC_0269,NOMINAL,12.725,12.725,12.829,12.798,10.157,10.408,11.092,10.989
IC_0270,NOMINAL,12.283,12.267,12.433,12.428,11.73,12.305,12.817,12.882
IC_0271,NOMINAL,11.775,11.728,11.803,11.931,8.277,8.565,8.774,8.899
IC_0272,NOMINAL,12.253,12.267,12.382,12.401,11.396,11.62,12.109,12.587
IC_0273,NOMINAL,12.389,12.423,12.506,12.527,10.012,10.284,10.598,10.814
IC_0274,NOMINAL,12.249,12.274,12.342,12.445,8.822,9.317,9.609,9.952
IC_0275,NOMINAL,11.372,11.379,11.466,11.472,10.555,10.939,11.299,11.508
IC_0276,NOMINAL,11.709,11.703,11.855,11.815,10.239,10.595,11.261,11.249
IC_0277,NOMINAL,11.901,11.958,12.046,12.07,9.28,9.637,10.187,10.538
IC_0278,NOMINAL,11.97,11.942,12.007,12.083,10.084,10.335,10.727,11.004
IC_0279,NOMINAL,12.248,12.303,12.359,12.334,9.538,9.69,10.209,10.284
IC_0280,NOMINAL,12.071,12.053,12.143,12.183,10.136,10.658,10.635,10.78
IC_0281,NOMINAL,11.466,11.466,11.57,11.646,10.795,11.123,11.949,11.572
IC_0282,NOMINAL,12.152,12.123,12.254,12.31,11.903,12.457,12.491,13.012
IC_0283,NOMINAL,12.244,12.253,12.335,12.411,8.515,9.105,9.35,9.309
IC_0284,NOMINAL,12.224,12.288,12.355,12.43,12.56,13.022,13.56,13.462
IC_0285,NOMINAL,12.432,12.48,12.519,12.563,7.657,7.93,8.411,8.577
IC_0286,NOMINAL,12.334,12.402,12.388,12.502,9.818,10.248,10.614,10.97
IC_0287,NOMINAL,12.184,12.233,12.263,12.314,10.706,11.057,11.442,11.668
IC_0288,NOMINAL,11.972,11.962,12.095,12.122,10.337,10.633,11.273,11.515
IC_0289,NOMINAL,11.336,11.346,11.464,11.439,9.253,9.599,10.122,10.208
IC_0290,NOMINAL,12.172,12.171,12.299,12.317,9.75,9.959,10.278,10.896
IC_0291,NOMINAL,12.083,12.163,12.14,12.242,9.408,9.926,10.396,10.421
IC_0292,NOMINAL,12.109,12.088,12.3,12.349,9.293,9.567,9.845,10.339
IC_0293,NOMINAL,11.489,11.556,11.604,11.627,11.02,11.439,11.847,11.895
IC_0294,NOMINAL,11.568,11.634,11.722,11.715,10.428,10.856,11.223,11.636
IC_0295,NOMINAL,12.421,12.529,12.531,12.603,9.169,9.562,10.221,10.489
IC_0296,NOMINAL,11.984,11.991,12.085,12.126,11.08,11.464,11.5,11.769
IC_0297,NOMINAL,12.273,12.324,12.384,12.408,10.369,10.59,11.09,11.163
IC_0298,NOMINAL,12.011,12.134,12.164,12.229,10.975,11.496,12.149,12.078
IC_0299,NOMINAL,12.012,12.017,12.152,12.071,10.756,10.921,11.37,11.779
IC_0300,NOMINAL,12.375,12.339,12.496,12.416,9.005,9.343,9.745,9.962
IC_0301,NOMINAL,11.794,11.741,11.858,11.897,9.328,9.907,9.872,10.362
IC_0302,NOMINAL,12.038,12.09,12.093,12.206,10.897,11.036,11.606,11.882
IC_0303,NOMINAL,11.815,11.773,11.94,11.93,10.732,11.048,11.665,11.721
IC_0304,NOMINAL,11.826,11.836,11.945,11.836,9.975,10.358,10.561,10.938
IC_0305,NOMINAL,11.876,11.92,11.955,12.039,10.141,10.495,10.943,11.269
IC_0306,NOMINAL,12.089,12.121,12.215,12.231,11.533,11.897,12.499,12.477
IC_0307,NOMINAL,11.809,11.852,11.955,11.906,9.29,9.695,10.002,10.397
IC_0308,NOMINAL,12.502,12.534,12.542,12.585,10.657,11.039,11.404,11.774
IC_0309,NOMINAL,11.642,11.722,11.704,11.756,9.757,10.282,10.361,10.928
IC_0310,NOMINAL,11.925,11.91,11.996,12.052,9.739,10.087,10.234,10.591
IC_0311,NOMINAL,11.824,11.829,11.944,11.97,11.319,11.685,12.286,12.618
IC_0312,NOMINAL,12.579,12.573,12.641,12.732,10.99,11.404,11.911,11.901
IC_0313,NOMINAL,12.079,12.141,12.229,12.118,10.976,11.622,11.835,12.006
IC_0314,NOMINAL,12.413,12.482,12.541,12.555,11.567,11.961,12.444,12.693
IC_0315,NOMINAL,11.406,11.454,11.509,11.522,10.025,10.258,10.869,11.336
IC_0316,NOMINAL,12.107,12.183,12.146,12.25,10.818,11.344,11.433,11.719
IC_0317,NOMINAL,12.356,12.335,12.391,12.474,9.628,9.937,10.448,10.787
IC_0318,NOMINAL,12.033,12.126,12.132,12.205,10.389,10.392,11.254,11.397
IC_0319,NOMINAL,12.426,12.518,12.443,12.514,9.844,10.352,10.627,10.718
IC_0320,NOMINAL,11.793,11.857,11.949,11.979,10.116,10.469,11.011,11.401
IC_0321,NOMINAL,12.564,12.665,12.659,12.748,10.714,11.081,11.602,11.48
IC_0322,NOMINAL,12.92,12.882,13.147,13.149,9.018,9.432,9.764,10.146
IC_0323,NOMINAL,11.855,11.865,12.052,12.002,12.511,12.931,13.373,13.755
IC_0324,NOMINAL,11.822,11.82,11.908,11.984,8.793,9.249,9.887,9.697
IC_0325,NOMINAL,12.581,12.633,12.653,12.631,8.543,8.763,9.142,9.373
IC_0326,NOMINAL,12.632,12.619,12.769,12.692,11.39,11.831,12.149,12.719
IC_0327,NOMINAL,11.791,11.855,11.973,12.007,10.95,11.338,11.805,12.088
IC_0328,NOMINAL,11.832,11.911,11.848,11.961,10.749,11.163,11.537,11.453
IC_0329,NOMINAL,11.887,11.946,11.919,12.098,10.754,11.231,11.585,12.07
IC_0330,NOMINAL,11.462,11.498,11.52,11.538,9.985,10.153,10.574,11.154
IC_0331,NOMINAL,11.633,11.622,11.752,11.807,8.923,9.447,9.925,9.948
IC_0332,NOMINAL,11.598,11.588,11.696,11.797,10.091,10.302,10.953,11.07
IC_0333,NOMINAL,11.693,11.771,11.829,11.858,9.187,9.656,9.871,10.375
IC_0334,NOMINAL,11.986,12.049,12.044,12.166,11.17,11.62,11.771,12.182
IC_0335,NOMINAL,12.094,12.119,12.09,12.235,9.824,10.43,10.712,10.691
IC_0336,NOMINAL,12.62,12.634,12.756,12.72,9.009,9.357,9.756,10.276
IC_0337,NOMINAL,11.601,11.552,11.675,11.826,9.614,9.963,10.628,11.008
IC_0338,NOMINAL,12.394,12.385,12.426,12.549,10.496,10.915,11.141,11.78
IC_0339,NOMINAL,11.914,12.016,12.004,12.068,9.324,9.591,10.155,10.081
IC_0340,NOMINAL,11.98,11.956,12.103,12.062,9.013,9.472,9.587,10.275
IC_0341,NOMINAL,12.27,12.302,12.345,12.351,10.292,10.35,11.071,11.065
IC_0342,NOMINAL,11.551,11.626,11.648,11.793,10.294,10.568,11.26,11.473
IC_0343,NOMINAL,12.153,12.137,12.26,12.319,9.392,9.654,10.19,10.643
IC_0344,NOMINAL,12.067,12.103,12.148,12.279,9.435,9.938,10.179,10.694
IC_0345,NOMINAL,12.197,12.267,12.252,12.368,10.278,10.944,11.293,11.568
IC_0346,NOMINAL,12.116,12.145,12.183,12.195,8.262,8.605,9.077,9.342
IC_0347,NOMINAL,12.982,13.127,13.103,13.177,8.311,8.66,9.233,9.444
IC_0348,NOMINAL,11.745,11.701,11.835,11.845,9.138,9.438,10.081,9.969
IC_0349,NOMINAL,11.788,11.862,11.9,11.984,9.744,10.313,10.39,10.95
IC_0350,NOMINAL,11.751,11.768,11.79,11.878,10.373,10.53,11.276,10.835
IC_0351,NOMINAL,11.778,11.841,11.879,11.889,11.77,12.212,12.692,12.88
IC_0352,NOMINAL,11.745,11.795,11.765,11.922,11.029,11.575,11.785,12.2
IC_0353,NOMINAL,12.476,12.477,12.586,12.729,9.808,10.271,10.473,10.737
IC_0354,NOMINAL,12.568,12.6,12.701,12.708,9.977,10.287,10.577,10.836
IC_0355,NOMINAL,11.772,11.723,11.799,11.907,8.797,9.271,9.657,9.686
IC_0356,NOMINAL,11.667,11.717,11.729,11.845,9.978,9.89,10.666,11.143
IC_0357,NOMINAL,12.189,12.227,12.291,12.339,9.654,10.088,10.622,10.835
IC_0358,NOMINAL,11.779,11.828,11.907,11.911,10.387,10.579,10.816,11.141
IC_0359,NOMINAL,12.253,12.329,12.349,12.39,9.007,9.156,9.95,10.189
IC_0360,NOMINAL,12.081,12.125,12.151,12.245,10.623,11.063,11.245,11.645
IC_0361,NOMINAL,11.394,11.426,11.402,11.573,11.839,12.369,12.616,12.693
IC_0362,NOMINAL,12.619,12.611,12.714,12.73,9.869,10.187,10.757,10.861
IC_0363,NOMINAL,12.718,12.718,12.893,12.923,10.482,10.971,11.191,11.353
IC_0364,NOMINAL,11.755,11.832,11.865,11.909,10.828,11.441,11.264,11.712
IC_0365,NOMINAL,11.845,11.931,11.94,11.962,9.519,10.073,10.345,10.627
IC_0366,NOMINAL,12.114,12.138,12.24,12.334,10.269,10.936,11.273,11.56
IC_0367,NOMINAL,12.134,12.164,12.228,12.273,10.015,10.481,10.866,10.901
IC_0368,NOMINAL,12.263,12.262,12.347,12.478,10.117,10.561,11.267,11.48
IC_0369,NOMINAL,12.804,12.884,12.947,12.967,9.072,9.242,9.826,10.143
IC_0370,NOMINAL,11.929,11.981,12.021,12.058,10.029,10.301,10.82,10.945
IC_0371,NOMINAL,11.681,11.792,11.794,11.881,10.598,10.894,11.719,11.922
IC_0372,NOMINAL,11.448,11.437,11.488,11.585,11.741,12.361,12.131,12.573
IC_0373,NOMINAL,11.708,11.725,11.868,11.8,11.151,11.53,12.102,12.37
IC_0374,NOMINAL,11.987,12.023,12.103,12.085,12.584,12.938,13.257,13.461
IC_0375,NOMINAL,12.718,12.777,12.807,12.932,9.079,9.576,9.991,10.227
IC_0376,NOMINAL,11.793,11.817,11.943,11.964,11.047,11.466,12.019,12.189
IC_0377,NOMINAL,12.09,12.087,12.177,12.24,10.22,10.877,11.046,11.253
IC_0378,NOMINAL,11.993,12.061,12.069,12.11,12.628,12.935,13.419,13.74
IC_0379,NOMINAL,12.475,12.53,12.532,12.57,9.03,9.383,9.758,9.719
IC_0380,NOMINAL,13.011,12.997,13.017,13.053,8.992,9.17,9.473,9.739
IC_0381,NOMINAL,11.788,11.869,11.897,11.928,9.281,9.422,9.875,10.203
IC_0382,NOMINAL,11.804,11.875,11.812,11.91,7.451,7.663,8.229,8.275
IC_0383,NOMINAL,12.418,12.454,12.472,12.543,9.369,9.749,10.056,10.429
IC_0384,NOMINAL,12.273,12.302,12.278,12.411,9.089,9.355,9.926,10.019
IC_0385,NOMINAL,12.739,12.795,12.85,12.936,10.18,10.506,11.208,11.474
IC_0386,NOMINAL,12.234,12.229,12.328,12.478,10.41,10.576,10.992,11.613
IC_0387,NOMINAL,11.856,11.89,11.952,11.969,12.251,12.645,13.054,13.307
IC_0388,NOMINAL,12.236,12.174,12.274,12.409,11.141,11.212,11.981,11.804
IC_0389,NOMINAL,12.443,12.511,12.507,12.658,9.308,9.834,10.079,10.322
IC_0390,NOMINAL,12.328,12.299,12.46,12.477,8.922,9.356,9.792,10.047
IC_0391,NOMINAL,12.203,12.291,12.275,12.361,10.59,10.724,11.446,11.54
IC_0392,NOMINAL,12.427,12.443,12.539,12.567,8.416,8.741,9.362,9.356
IC_0393,NOMINAL,12.468,12.491,12.538,12.644,12.198,12.481,13.044,13.13
IC_0394,NOMINAL,12.553,12.552,12.641,12.743,11.415,11.767,12.002,12.21
IC_0395,NOMINAL,12.259,12.276,12.407,12.435,9.437,9.993,10.442,10.474
IC_0396,NOMINAL,11.933,12.017,12.047,12.098,7.944,8.002,8.96,8.996
IC_0397,NOMINAL,12.059,11.983,12.122,12.169,11.625,11.941,12.438,12.391
IC_0398,NOMINAL,12.483,12.56,12.582,12.566,9.863,10.172,10.62,10.75
IC_0399,NOMINAL,11.673,11.71,11.74,11.787,11.485,11.873,12.003,12.161
IC_0400,NOMINAL,12.147,12.122,12.223,12.315,8.087,8.399,8.586,8.878
IC_0401,NOMINAL,11.843,11.823,11.909,11.908,9.281,9.465,10.022,9.998
IC_0402,NOMINAL,12.011,12.113,12.119,12.152,10.006,10.386,11.023,11.308
IC_0403,NOMINAL,12.511,12.503,12.617,12.671,10.056,10.3,11.075,10.819
IC_0404,NOMINAL,12.076,12.065,12.151,12.22,9.46,10.05,10.512,10.623
IC_0405,NOMINAL,12.019,12.092,12.07,12.134,10.747,11.095,11.289,11.771
IC_0406,NOMINAL,11.456,11.496,11.488,11.578,8.719,9.329,9.602,9.67
IC_0407,NOMINAL,12.299,12.289,12.33,12.396,9.829,10.176,10.473,11.244
IC_0408,NOMINAL,12.258,12.294,12.302,12.366,10.144,10.383,10.857,11.178
IC_0409,NOMINAL,12.865,12.848,12.95,13.018,10.617,10.683,11.307,11.298
IC_0410,NOMINAL,11.877,11.951,11.942,11.985,10.854,10.96,11.994,11.911
IC_0411,NOMINAL,12.088,12.155,12.191,12.156,8.65,8.723,9.808,9.265
IC_0412,NOMINAL,12.1,12.151,12.201,12.234,8.159,8.573,9.083,9.209
IC_0413,NOMINAL,12.631,12.676,12.654,12.822,11.533,11.988,12.35,12.484
IC_0414,NOMINAL,11.962,12.056,12.068,12.082,10.399,10.462,11.148,11.388
IC_0415,NOMINAL,12.112,12.134,12.22,12.215,9.102,9.522,9.872,9.831
IC_0416,NOMINAL,12.243,12.228,12.31,12.415,11.861,12.188,12.703,12.978
IC_0417,NOMINAL,12.075,12.12,12.185,12.153,10.139,10.509,11.185,11.034
IC_0418,NOMINAL,11.821,11.928,11.863,11.963,11.415,11.942,12.085,12.486
IC_0419,NOMINAL,12.078,12.072,12.197,12.277,10.081,10.648,11.121,11.263
IC_0420,NOMINAL,12.429,12.438,12.455,12.535,12.473,12.718,13.208,13.558
IC_0421,NOMINAL,11.589,11.637,11.621,11.794,12.106,12.358,13.029,13.324
IC_0422,NOMINAL,12.053,12.086,12.153,12.192,9.701,9.81,10.788,10.999
IC_0423,NOMINAL,11.72,11.706,11.799,11.899,11.166,11.372,11.773,12.113
IC_0424,NOMINAL,12.478,12.547,12.542,12.611,10.774,11.041,11.356,11.682
IC_0425,NOMINAL,11.391,11.507,11.422,11.503,11.642,11.789,12.135,12.192
IC_0426,NOMINAL,11.776,11.81,11.847,11.914,8.842,9.146,9.63,9.72
IC_0427,NOMINAL,12.151,12.138,12.24,12.271,10.823,11.127,11.591,11.78
IC_0428,NOMINAL,12.626,12.595,12.727,12.839,11.27,11.621,12.197,12.357
IC_0429,NOMINAL,11.974,12.007,12.057,12.052,7.89,8.078,8.778,8.491
IC_0430,NOMINAL,11.778,11.851,11.846,11.899,8.58,8.962,9.374,9.585
IC_0431,NOMINAL,12.752,12.806,12.915,12.979,7.553,8.052,8.619,9.039
IC_0432,NOMINAL,11.421,11.453,11.482,11.569,9.677,9.917,10.414,11.013
IC_0433,NOMINAL,11.12,11.127,11.24,11.315,10.861,11.446,11.635,11.912
IC_0434,NOMINAL,12.176,12.158,12.31,12.382,11.803,12.112,12.63,12.867
IC_0435,NOMINAL,11.799,11.863,11.919,11.943,10.089,10.466,11.051,11.098
IC_0436,NOMINAL,11.592,11.657,11.679,11.772,11.954,12.42,12.711,12.719
IC_0437,NOMINAL,12.283,12.249,12.354,12.383,8.344,8.722,9.098,9.18
IC_0438,NOMINAL,12.098,12.185,12.218,12.254,7.956,8.395,8.389,9.033
IC_0439,NOMINAL,11.774,11.831,11.829,11.96,9.933,10.392,10.807,11.074
IC_0440,NOMINAL,11.488,11.572,11.542,11.655,10.461,10.716,11.368,11.41
IC_0441,NOMINAL,12.349,12.32,12.415,12.454,9.961,10.322,10.731,10.787
IC_0442,NOMINAL,12.26,12.232,12.399,12.336,7.519,7.681,8.339,8.754
IC_0443,NOMINAL,11.96,11.982,12.067,12.126,9.893,10.251,10.661,11.107
IC_0444,NOMINAL,12.739,12.791,12.809,12.829,8.435,8.836,9.342,9.923
IC_0445,NOMINAL,11.572,11.675,11.664,11.726,10.804,11.164,11.578,11.893
IC_0446,NOMINAL,11.39,11.45,11.472,11.597,10.44,10.818,11.43,11.613
IC_0447,NOMINAL,11.723,11.736,11.769,11.849,8.872,8.868,9.554,9.434
IC_0448,NOMINAL,11.982,11.968,12.112,12.205,9.383,9.643,10.219,10.576
IC_0449,NOMINAL,12.097,12.175,12.137,12.288,8.729,9.095,9.435,9.554
IC_0450,NOMINAL,11.904,11.887,12.042,11.996,9.925,10.228,10.224,10.75
IC_0451,NOMINAL,12.141,12.231,12.259,12.277,11.146,11.309,12.017,11.882
IC_0452,NOMINAL,11.499,11.52,11.649,11.666,8.817,9.403,9.628,9.854
IC_0453,NOMINAL,12.578,12.665,12.639,12.641,10.605,10.773,11.139,11.325
IC_0454,NOMINAL,11.967,12.023,12.058,12.083,9.364,9.869,10.271,10.297
IC_0455,NOMINAL,12.447,12.466,12.473,12.557,9.049,9.423,9.681,9.848
IC_0456,NOMINAL,12.137,12.139,12.19,12.174,9.872,10.053,10.65,10.579
IC_0457,NOMINAL,12.183,12.194,12.286,12.318,8.758,9.338,9.55,9.775
IC_0458,NOMINAL,12.228,12.279,12.395,12.401,9.336,9.586,10.396,10.391
IC_0459,NOMINAL,12.179,12.214,12.242,12.284,8.563,9.103,9.255,9.739
IC_0460,NOMINAL,12.257,12.268,12.357,12.455,12.358,12.935,13.492,13.755
IC_0461,NOMINAL,12.532,12.553,12.62,12.711,10.042,10.295,10.868,10.968
IC_0462,NOMINAL,12.079,12.105,12.101,12.213,9.16,9.662,9.759,9.886
IC_0463,NOMINAL,12.284,12.227,12.404,12.425,10.257,10.582,11.086,11.252
IC_0464,NOMINAL,11.964,12.01,12.028,12.136,9.865,10.256,10.374,11.03
IC_0465,NOMINAL,12.576,12.57,12.678,12.778,9.735,10.183,10.708,10.927
IC_0466,NOMINAL,11.729,11.707,11.789,11.866,10.737,11.008,11.232,11.486
IC_0467,NOMINAL,12.72,12.681,12.783,12.838,10.909,11.384,11.493,11.985
IC_0468,NOMINAL,11.984,11.936,12.064,12.123,9.363,9.782,9.803,10.05
IC_0469,NOMINAL,11.428,11.4,11.507,11.615,9.309,9.374,10.205,10.341
IC_0470,NOMINAL,12.051,12.054,12.141,12.195,9.67,10.258,10.45,10.846
IC_0471,NOMINAL,11.728,11.834,11.792,11.961,7.238,7.339,8.25,8.189
IC_0472,NOMINAL,12.336,12.342,12.439,12.458,8.182,8.672,8.849,9.009
IC_0473,NOMINAL,11.739,11.773,11.896,11.884,11.64,12.147,12.138,12.468
IC_0474,NOMINAL,11.822,11.865,11.92,11.943,11.974,12.159,12.583,13.044
IC_0475,NOMINAL,11.244,11.281,11.391,11.424,9.701,10.039,10.778,11.022
IC_0476,NOMINAL,11.819,11.849,11.875,11.927,10.692,10.943,11.597,11.78
IC_0477,NOMINAL,11.03,11.017,11.151,11.19,10.374,10.768,11.242,11.655
IC_0478,NOMINAL,11.366,11.456,11.43,11.493,13.695,14.048,14.611,14.518
IC_0479,NOMINAL,12.304,12.403,12.332,12.448,11.343,11.786,12.145,12.181
IC_0480,NOMINAL,12.314,12.278,12.388,12.518,9.846,10.428,10.871,10.934
IC_0481,NOMINAL,12.17,12.157,12.31,12.343,8.853,9.408,9.84,9.697
IC_0482,NOMINAL,11.613,11.627,11.736,11.653,8.072,8.304,8.723,8.83
IC_0483,NOMINAL,11.981,11.975,12.1,12.237,10.244,10.621,10.956,11.305
IC_0484,NOMINAL,11.999,12.041,12.013,12.131,9.092,9.122,9.659,9.938
IC_0485,NOMINAL,11.537,11.541,11.641,11.684,8.293,8.591,9.265,9.454
IC_0486,NOMINAL,12.601,12.716,12.707,12.756,9.224,9.718,9.857,9.879
IC_0487,NOMINAL,12.351,12.429,12.459,12.518,8.702,9.321,9.398,9.454
IC_0488,NOMINAL,11.912,11.951,11.94,12.047,12.025,12.219,12.923,13.013
IC_0489,NOMINAL,12.011,12.085,12.087,12.196,11.058,11.386,11.981,12.312
IC_0490,NOMINAL,12.083,12.158,12.181,12.219,9.99,10.363,10.834,10.648
IC_0491,NOMINAL,11.183,11.191,11.304,11.326,11.776,12.191,12.493,12.76
IC_0492,NOMINAL,11.901,11.891,11.89,11.996,10.093,10.258,10.697,10.828
IC_0493,NOMINAL,11.727,11.759,11.816,11.822,8.966,9.388,9.625,10.191
IC_0494,NOMINAL,11.599,11.658,11.685,11.733,11.828,12.056,12.629,12.622
IC_0495,NOMINAL,11.888,11.925,12.026,12.078,10.647,11.037,11.676,11.819
IC_0496,NOMINAL,12.719,12.685,12.842,12.892,8.755,9.194,9.274,9.79
IC_0497,NOMINAL,12.256,12.255,12.382,12.452,9.772,10.156,10.487,10.541
IC_0498,NOMINAL,11.772,11.791,11.815,11.905,8.949,9.166,9.355,9.867
IC_0499,NOMINAL,12.229,12.249,12.23,12.331,8.341,8.614,8.888,9.195
